reaction_cluster,avg_visits,avg_spend,avg_liters,LTV
0,3.504590060145616,3501.1348930776817,39.91400384013727,73620.25527305415
1,3.456034096007178,3504.6788439813417,39.954909971922945,72673.73748212722
2,3.1666666666666665,3553.3180131167005,39.55901202741271,67513.04224921731
3,3.4156862745098038,3510.984279575359,40.04961352057747,71954.52488259146
4,3.4523809523809526,3509.686902649772,39.943200303186984,72700.65726917385
